GeoFIPS,GeoName,Region,TableName,LineCode,IndustryClassification,Description,Unit,1998,1999,2000,2001,2002,2003,2004,2005,2006,2007,2008,2009,2010,2011,2012,2013,2014,2015,2016,2017,2018,2019,2020,2021,2022,2023,2024
 "56000","Wyoming",7,SAGDP11,1,"...","  All industry total ","Percent change",2.3,4.3,2.9,6.5,2.0,3.1,3.3,5.5,12.9,7.8,5.4,-2.5,-3.6,-0.5,-2.2,0.9,2.3,2.0,-5.5,-0.6,0.9,1.6,-5.5,2.0,1.4,5.7,-0.2
 "56000","Wyoming",7,SAGDP11,2,"...","Private industries ","Percentage points",2.06,4.00,2.58,5.92,1.39,2.52,3.10,5.31,12.60,6.95,4.82,-2.59,-3.67,-0.48,-2.46,0.45,2.29,2.22,-5.36,-0.73,1.18,1.99,-5.04,1.97,1.00,5.83,-0.70
 "56000","Wyoming",7,SAGDP11,3,"11","  Agriculture, forestry, fishing and hunting ","Percentage points",-0.55,0.67,0.08,0.16,-0.41,0.39,-0.19,0.19,0.07,-0.51,0.22,0.26,0.03,0.25,-0.64,0.24,0.21,0.24,0.11,-0.17,0.20,-0.03,-0.17,-0.15,0.25,0.26,-0.41
 "56000","Wyoming",7,SAGDP11,4,"111-112","    Farms ","Percentage points",-0.55,0.64,0.07,0.08,-0.42,0.35,-0.12,0.22,-0.02,-0.46,0.24,0.20,0.00,0.30,-0.60,0.23,0.21,0.24,0.09,-0.17,0.21,-0.02,-0.17,-0.18,0.24,0.28,-0.42
 "56000","Wyoming",7,SAGDP11,5,"113-115","    Forestry, fishing, and related activities ","Percentage points",0.00,0.03,0.01,0.09,0.01,0.04,-0.07,-0.03,0.09,-0.05,-0.02,0.06,0.03,-0.05,-0.04,0.01,0.00,0.00,0.01,0.00,-0.01,-0.01,-0.01,0.03,0.02,-0.02,0.01
 "56000","Wyoming",7,SAGDP11,6,"21","  Mining, quarrying, and oil and gas extraction ","Percentage points",0.22,0.09,-0.13,3.50,0.77,0.45,1.31,2.46,7.63,1.41,0.58,2.51,-4.59,-1.48,-5.16,0.43,0.81,0.17,-2.43,0.59,-0.75,0.71,-0.81,-2.04,-0.40,3.58,-3.17
 "56000","Wyoming",7,SAGDP11,7,"211","    Oil and gas extraction ","Percentage points",-1.33,-0.77,-1.44,1.56,1.69,-0.67,1.84,2.10,3.85,-0.39,1.31,4.11,-4.80,-2.92,-2.20,-0.03,1.26,2.80,-0.23,0.40,-1.28,0.99,-0.03,-1.39,-1.51,2.84,0.39
 "56000","Wyoming",7,SAGDP11,8,"212","    Mining (except oil and gas) ","Percentage points",1.61,0.90,0.22,0.35,-0.16,0.68,-1.52,-0.58,1.08,1.44,-1.00,0.45,0.23,0.73,-2.59,0.49,-1.38,-0.27,-0.48,-1.20,-0.82,-0.10,1.05,-1.06,0.42,0.46,-3.40
 "56000","Wyoming",7,SAGDP11,9,"213","    Support activities for mining ","Percentage points",-0.06,-0.03,1.09,1.59,-0.75,0.45,1.00,0.94,2.70,0.36,0.28,-2.06,-0.02,0.72,-0.37,-0.03,0.93,-2.36,-1.72,1.39,1.34,-0.18,-1.83,0.42,0.70,0.28,-0.16
 "56000","Wyoming",7,SAGDP11,10,"22","  Utilities ","Percentage points",-0.14,0.37,-0.08,-0.45,0.17,-0.02,0.12,-0.07,0.12,0.12,0.15,-0.04,0.34,0.10,0.13,-0.01,-0.19,0.08,0.24,-0.13,-0.18,-0.02,0.10,-0.34,-0.07,0.12,0.18
 "56000","Wyoming",7,SAGDP11,11,"23","  Construction ","Percentage points",0.05,0.53,0.23,0.17,-0.03,-0.17,-0.40,0.12,0.58,0.68,0.54,-0.76,-0.02,-0.33,0.44,0.05,0.23,-0.41,-0.66,-0.56,0.11,0.72,-0.38,-0.07,-0.53,0.21,0.46
 "56000","Wyoming",7,SAGDP11,12,"31-33","  Manufacturing ","Percentage points",0.32,-0.33,0.53,1.83,-1.87,0.72,0.49,-0.09,0.88,2.60,1.76,-3.86,0.02,-0.07,0.78,-1.23,-0.45,1.45,-0.90,0.60,0.74,1.41,-1.35,1.23,-0.12,0.02,0.99
 "56000","Wyoming",7,SAGDP11,13,"321,327-339","    Durable goods manufacturing ","Percentage points",-0.07,0.06,0.06,0.05,0.00,0.02,0.16,0.04,0.02,0.14,0.11,-0.14,0.02,0.11,0.04,-0.08,0.04,0.04,-0.16,0.18,0.02,0.16,-0.16,0.09,0.05,-0.04,-0.04
 "56000","Wyoming",7,SAGDP11,14,"321","      Wood product manufacturing ","Percentage points",-0.02,-0.02,0.02,-0.01,0.02,-0.03,-0.02,0.01,0.00,0.01,0.00,-0.02,-0.01,0.01,0.00,0.01,-0.02,0.02,0.00,0.00,0.00,0.02,0.00,-0.03,-0.02,0.02,-0.01
 "56000","Wyoming",7,SAGDP11,15,"327","      Nonmetallic mineral product manufacturing ","Percentage points",-0.03,0.04,-0.01,0.02,-0.02,0.03,0.00,0.00,-0.03,0.02,0.05,0.00,0.00,0.01,0.01,-0.01,-0.04,0.02,0.00,0.06,-0.02,0.03,0.01,0.02,-0.02,-0.05,-0.01
 "56000","Wyoming",7,SAGDP11,16,"331","      Primary metal manufacturing ","Percentage points",0.00,0.01,0.01,0.00,-0.01,0.00,0.00,0.00,0.00,0.00,0.00,0.00,0.00,0.00,0.00,0.01,0.00,0.00,0.00,0.00,0.01,0.00,0.01,0.00,0.03,0.03,-0.04
 "56000","Wyoming",7,SAGDP11,17,"332","      Fabricated metal product manufacturing ","Percentage points",-0.01,0.03,-0.05,0.06,-0.02,0.03,0.16,-0.01,-0.01,0.09,0.02,-0.07,-0.01,0.05,0.03,-0.05,0.05,-0.05,-0.10,0.04,0.04,0.03,-0.03,0.00,0.04,-0.04,0.00
 "56000","Wyoming",7,SAGDP11,18,"333","      Machinery manufacturing ","Percentage points",-0.01,-0.02,0.02,0.02,0.02,-0.07,0.01,0.01,0.02,0.03,0.02,-0.01,0.03,0.01,0.01,-0.04,-0.02,0.01,-0.02,0.04,0.03,0.04,-0.10,0.04,0.00,0.00,-0.01
 "56000","Wyoming",7,SAGDP11,19,"334","      Computer and electronic product manufacturing ","Percentage points",0.03,0.00,0.03,-0.01,0.03,0.03,-0.01,0.01,0.00,0.01,0.02,0.00,-0.01,0.01,0.00,0.00,0.05,0.01,-0.05,0.02,0.02,0.01,-0.03,0.01,0.02,0.00,0.00
 "56000","Wyoming",7,SAGDP11,20,"335","      Electrical equipment, appliance, and component manufacturing ","Percentage points",-0.03,0.00,0.00,0.02,-0.02,0.01,0.00,0.01,0.01,0.00,0.02,0.00,0.00,0.00,0.00,0.00,0.01,0.02,0.03,0.00,-0.07,0.02,0.00,0.02,-0.02,0.01,0.03
 "56000","Wyoming",7,SAGDP11,21,"3361-3363","      Motor vehicles, bodies and trailers, and parts manufacturing ","Percentage points",0.01,0.01,0.03,-0.05,0.01,0.03,0.02,0.02,0.03,-0.02,0.00,-0.03,0.02,0.02,-0.02,0.00,-0.01,0.01,-0.02,0.02,0.00,0.01,0.00,0.01,0.00,-0.01,0.00
 "56000","Wyoming",7,SAGDP11,22,"3364-3466,3369","      Other transportation equipment manufacturing ","Percentage points",0.00,0.00,0.01,0.00,-0.01,-0.01,0.00,0.00,0.00,0.00,0.00,0.00,0.00,0.00,0.00,0.00,0.00,0.00,0.00,0.00,0.00,0.00,-0.01,0.00,0.00,0.00,0.00
 "56000","Wyoming",7,SAGDP11,23,"337","      Furniture and related product manufacturing ","Percentage points",0.00,0.00,0.00,0.02,0.00,0.00,0.00,0.00,0.00,0.00,0.00,-0.01,0.00,0.00,0.00,0.00,0.00,0.00,0.00,0.00,0.00,0.00,0.00,0.00,0.00,0.00,0.00
 "56000","Wyoming",7,SAGDP11,24,"339","      Miscellaneous manufacturing ","Percentage points",0.00,0.00,0.00,-0.01,0.00,0.00,0.00,-0.01,0.00,0.00,0.00,0.00,0.00,0.00,0.00,0.00,0.00,0.00,0.00,0.00,0.00,0.00,-0.01,0.01,0.01,0.00,0.00
 "56000","Wyoming",7,SAGDP11,25,"311-316,322-326","    Nondurable goods manufacturing ","Percentage points",0.39,-0.39,0.47,1.78,-1.86,0.71,0.33,-0.14,0.86,2.46,1.65,-3.72,-0.01,-0.19,0.74,-1.15,-0.49,1.42,-0.75,0.42,0.72,1.26,-1.20,1.14,-0.16,0.05,1.03
 "56000","Wyoming",7,SAGDP11,26,"311-312","      Food and beverage and tobacco product manufacturing ","Percentage points",-0.03,0.01,-0.02,-0.07,-0.15,-0.03,-0.02,-0.03,0.01,-0.02,0.00,0.01,-0.01,0.00,0.02,0.03,0.00,0.03,-0.05,0.01,0.02,-0.04,0.02,0.03,0.01,0.00,0.00
 "56000","Wyoming",7,SAGDP11,27,"313-314","      Textile mills and textile product mills ","Percentage points",0.00,0.01,0.02,-0.01,0.00,-0.01,0.01,0.01,0.00,0.00,0.01,-0.02,0.00,-0.01,0.00,0.00,0.00,0.00,0.00,-0.01,0.00,0.00,0.00,0.00,0.00,0.00,0.00
 "56000","Wyoming",7,SAGDP11,28,"315-316","      Apparel, leather, and allied product manufacturing ","Percentage points",0.00,0.00,0.00,0.00,0.00,0.00,0.00,0.00,0.00,0.00,0.00,0.00,0.00,0.00,0.00,0.00,0.00,0.00,0.00,0.00,0.00,0.00,0.00,0.00,0.00,0.00,0.00
 "56000","Wyoming",7,SAGDP11,29,"322","      Paper manufacturing ","Percentage points",0.00,0.00,0.00,0.00,0.00,0.00,0.00,0.00,0.00,0.00,0.00,0.01,-0.01,0.00,0.00,0.01,0.00,0.00,-0.01,0.00,0.00,0.00,0.00,0.00,0.00,0.00,0.00
 "56000","Wyoming",7,SAGDP11,30,"323","      Printing and related support activities ","Percentage points",0.00,0.00,0.00,0.00,0.00,0.01,0.00,0.00,0.00,0.00,0.00,0.00,0.00,0.00,0.00,0.00,0.00,0.00,0.00,0.00,-0.01,0.00,0.00,0.00,0.00,0.00,0.00
 "56000","Wyoming",7,SAGDP11,31,"324","      Petroleum and coal products manufacturing ","Percentage points",0.34,-0.37,-0.02,0.18,0.10,0.74,0.72,-0.15,0.75,2.53,1.58,-3.96,-0.04,-0.05,0.79,-1.18,-0.39,1.32,-0.83,0.42,0.59,1.25,-1.09,1.31,-0.32,-0.15,0.84
 "56000","Wyoming",7,SAGDP11,32,"325","      Chemical manufacturing ","Percentage points",0.06,-0.07,0.47,1.69,-1.81,-0.08,-0.40,0.02,0.10,-0.07,0.06,0.25,0.06,-0.14,-0.05,-0.01,-0.08,0.07,0.13,-0.02,0.12,0.04,-0.14,-0.19,0.14,0.19,0.20
 "56000","Wyoming",7,SAGDP11,33,"326","      Plastics and rubber products manufacturing ","Percentage points",0.02,0.02,0.02,-0.01,0.00,0.08,0.03,0.02,0.00,0.02,-0.01,-0.01,0.00,0.01,-0.03,0.00,-0.02,0.00,0.01,0.01,0.00,0.01,0.01,-0.01,0.00,0.02,-0.02
 "56000","Wyoming",7,SAGDP11,34,"42","  Wholesale trade ","Percentage points",0.29,0.38,0.20,0.21,0.15,0.17,0.19,0.21,0.43,0.26,0.23,-0.54,0.17,0.05,0.36,0.16,0.35,-0.25,-0.52,-0.26,-0.04,-0.01,-0.32,-0.27,-0.03,-0.05,0.05
 "56000","Wyoming",7,SAGDP11,35,"44-45","  Retail trade ","Percentage points",0.72,0.26,0.51,0.02,0.60,0.16,-0.30,0.48,0.39,0.32,0.22,-0.20,-0.25,0.13,0.12,0.08,-0.03,0.21,0.04,-0.04,0.03,0.21,-0.22,-0.09,-0.03,0.64,0.60
 "56000","Wyoming",7,SAGDP11,36,"48-49","  Transportation and warehousing ","Percentage points",0.73,0.11,0.38,-0.29,-0.18,0.55,0.49,0.47,0.80,0.27,0.32,-0.52,0.22,-0.16,0.57,0.46,0.65,0.69,-0.30,-0.16,0.58,-1.16,-0.81,0.84,-0.44,0.09,0.01
 "56000","Wyoming",7,SAGDP11,37,"481","    Air transportation ","Percentage points",-0.02,-0.02,0.02,-0.02,0.04,0.00,0.04,0.04,-0.02,0.00,0.03,0.01,0.03,-0.02,-0.01,-0.01,-0.01,-0.01,0.04,0.05,-0.11,-0.01,-0.08,0.02,0.06,0.01,0.00
 "56000","Wyoming",7,SAGDP11,38,"482","    Rail transportation ","Percentage points",0.45,0.01,0.31,-0.23,-0.32,0.43,0.35,0.20,0.48,0.01,0.19,-0.36,0.00,-0.15,0.21,-0.18,0.18,0.00,-0.31,0.19,0.05,-0.28,-0.29,0.48,0.08,-0.28,-0.06
 "56000","Wyoming",7,SAGDP11,39,"483","    Water transportation ","Percentage points",0.00,0.00,0.01,-0.02,0.00,0.00,0.00,0.00,0.00,0.01,0.00,0.01,0.00,0.00,0.00,0.00,-0.01,0.00,0.00,0.00,0.01,0.01,-0.01,0.03,-0.05,0.00,0.00
 "56000","Wyoming",7,SAGDP11,40,"484","    Truck transportation ","Percentage points",0.04,0.05,0.08,-0.01,-0.02,0.03,0.09,0.12,0.24,0.16,0.02,-0.16,0.05,0.09,0.03,0.01,0.11,-0.16,-0.29,0.00,-0.01,0.07,-0.21,0.04,-0.07,0.12,0.17
 "56000","Wyoming",7,SAGDP11,41,"485","    Transit and ground passenger transportation ","Percentage points",0.01,0.02,0.01,-0.01,0.00,0.01,-0.01,0.01,0.02,0.01,0.00,-0.01,0.00,-0.01,-0.01,-0.01,0.00,0.00,-0.03,0.00,0.00,0.00,-0.02,0.01,0.02,0.01,0.01
 "56000","Wyoming",7,SAGDP11,42,"486","    Pipeline transportation ","Percentage points",0.26,0.09,-0.08,-0.02,0.11,0.04,-0.03,0.03,0.02,0.02,0.06,0.03,0.12,-0.08,0.31,0.59,0.22,0.89,0.28,-0.48,0.39,-1.14,-0.16,0.45,-0.13,0.12,-0.06
 "56000","Wyoming",7,SAGDP11,43,"487-488,492","    Other transportation and support activities ","Percentage points",-0.02,-0.06,0.02,0.03,0.02,0.00,0.03,0.02,0.01,0.00,0.01,-0.02,0.01,0.00,0.03,0.03,0.11,0.00,0.01,0.07,0.24,0.16,-0.05,-0.22,-0.29,0.15,-0.06
 "56000","Wyoming",7,SAGDP11,44,"493","    Warehousing and storage ","Percentage points",0.01,0.01,0.00,0.00,0.00,0.06,0.04,0.04,0.04,0.06,0.00,-0.01,0.01,0.01,0.01,0.02,0.04,-0.02,0.01,0.00,0.01,0.02,0.01,0.03,-0.06,-0.04,0.00
 "56000","Wyoming",7,SAGDP11,45,"51","  Information ","Percentage points",0.04,0.34,-0.16,0.03,0.25,0.17,0.21,0.11,0.15,0.15,0.14,0.10,0.07,0.01,-0.03,0.09,-0.02,0.19,0.06,0.07,0.07,0.13,-0.06,0.33,0.05,0.14,-0.07
 "56000","Wyoming",7,SAGDP11,46,"511","    Publishing industries (except Internet) ","Percentage points",0.02,0.10,-0.09,0.01,0.07,0.03,0.03,0.02,-0.01,0.05,-0.01,-0.01,0.02,0.02,0.01,-0.01,0.00,0.00,-0.01,0.04,0.03,0.01,-0.05,0.13,-0.04,0.04,0.02
 "56000","Wyoming",7,SAGDP11,47,"512","    Motion picture and sound recording industries ","Percentage points",0.00,0.01,-0.01,0.01,0.03,-0.02,-0.01,0.01,0.01,0.02,-0.01,0.04,0.00,0.00,0.00,0.00,0.00,0.01,0.00,-0.02,0.00,0.01,0.07,0.09,-0.11,0.01,-0.06
 "56000","Wyoming",7,SAGDP11,48,"515,517","    Broadcasting (except Internet) and telecommunications ","Percentage points",0.03,0.25,-0.06,-0.04,0.02,0.11,0.18,0.10,0.12,0.13,0.10,0.05,0.02,-0.02,0.02,0.08,-0.02,0.17,0.06,0.07,0.00,0.10,-0.05,0.10,0.08,0.09,-0.04
 "56000","Wyoming",7,SAGDP11,49,"518-519","    Data processing, hosting, and other information services ","Percentage points",0.00,-0.02,-0.01,0.05,0.13,0.04,0.00,-0.01,0.03,-0.05,0.06,0.02,0.03,0.01,-0.05,0.02,-0.01,0.00,0.00,-0.01,0.04,0.02,-0.03,0.01,0.13,0.00,0.00
 "56000","Wyoming",7,SAGDP11,50,"52,53","  Finance, insurance, real estate, rental, and leasing ","Percentage points",0.30,0.56,0.46,0.97,0.89,-0.04,0.92,1.21,0.08,1.04,0.01,0.71,0.25,0.66,0.51,0.13,0.63,-0.24,-0.35,-0.97,0.12,-0.31,0.06,0.29,1.21,0.13,0.13
 "56000","Wyoming",7,SAGDP11,51,"52","    Finance and insurance ","Percentage points",0.09,-0.23,0.28,-0.18,0.31,-0.45,-0.08,0.24,0.12,0.13,-0.05,0.20,-0.24,0.13,0.09,-0.24,0.20,0.01,-0.18,-0.01,0.03,-0.04,0.14,0.40,-0.17,-0.12,-0.03
 "56000","Wyoming",7,SAGDP11,52,"521-522","      Monetary Authorities- central bank, credit intermediation, and related services ","Percentage points",0.09,-0.19,0.19,-0.37,0.37,-0.50,0.01,0.10,0.01,0.16,0.05,0.13,-0.22,0.01,-0.02,-0.22,0.11,-0.03,0.02,-0.01,0.00,-0.01,0.13,0.13,-0.07,-0.11,-0.02
 "56000","Wyoming",7,SAGDP11,53,"523","      Securities, commodity contracts, and other financial investments and related activities ","Percentage points",0.05,-0.04,0.02,0.23,-0.13,-0.03,-0.06,0.03,0.03,-0.06,-0.07,0.11,-0.03,-0.03,0.07,-0.04,-0.04,0.01,-0.07,0.09,0.01,-0.02,0.03,0.12,0.09,0.00,0.03
 "56000","Wyoming",7,SAGDP11,54,"524","      Insurance carriers and related activities ","Percentage points",-0.07,0.00,0.09,-0.03,0.08,0.03,0.02,0.07,0.05,0.03,0.00,-0.01,-0.03,0.02,0.03,0.01,0.05,0.11,0.07,-0.11,0.06,-0.01,-0.01,0.01,0.11,0.01,-0.03
 "56000","Wyoming",7,SAGDP11,55,"525","      Funds, trusts, and other financial vehicles ","Percentage points",0.02,0.00,-0.02,-0.01,0.00,0.04,-0.05,0.04,0.04,-0.01,-0.02,-0.03,0.04,0.13,0.01,0.01,0.08,-0.08,-0.21,0.02,-0.05,0.00,0.00,0.14,-0.30,-0.02,-0.02
 "56000","Wyoming",7,SAGDP11,56,"53","    Real estate and rental and leasing ","Percentage points",0.22,0.78,0.17,1.15,0.58,0.41,1.00,0.97,-0.04,0.92,0.06,0.50,0.49,0.53,0.43,0.36,0.43,-0.25,-0.18,-0.95,0.09,-0.27,-0.09,-0.11,1.37,0.25,0.16
 "56000","Wyoming",7,SAGDP11,57,"531","      Real estate ","Percentage points",0.12,0.65,0.15,1.00,0.37,0.34,0.47,0.84,-0.19,0.86,0.10,0.73,0.48,0.41,0.17,0.02,0.26,-0.38,0.28,-0.56,0.20,-0.41,0.20,-0.04,1.10,0.28,0.18
 "56000","Wyoming",7,SAGDP11,58,"532-533","      Rental and leasing services and lessors of nonfinancial intangible assets ","Percentage points",0.09,0.13,0.02,0.16,0.21,0.07,0.53,0.13,0.15,0.05,-0.04,-0.23,0.01,0.12,0.25,0.35,0.16,0.13,-0.46,-0.39,-0.11,0.14,-0.28,-0.07,0.27,-0.03,-0.02
 "56000","Wyoming",7,SAGDP11,59,"54,55,56","  Professional and business services ","Percentage points",-0.04,0.36,-0.10,0.47,0.33,-0.10,-0.20,0.03,0.37,0.45,0.33,-0.01,0.01,0.14,0.20,0.08,0.12,-0.09,-0.33,0.20,0.33,0.21,-0.23,1.15,0.56,0.61,0.47
 "56000","Wyoming",7,SAGDP11,60,"54","    Professional, scientific, and technical services ","Percentage points",-0.08,0.15,0.04,0.28,0.29,-0.19,-0.07,0.06,0.20,0.20,0.29,-0.17,0.04,0.07,0.12,-0.02,0.16,-0.10,-0.19,0.12,0.23,0.27,-0.20,0.49,0.48,0.40,0.25
 "56000","Wyoming",7,SAGDP11,61,"5411","      Legal services ","Percentage points",-0.03,0.03,-0.02,0.04,0.00,-0.07,0.01,-0.06,0.01,0.02,0.06,-0.01,-0.04,0.01,0.00,-0.03,-0.02,0.00,0.01,-0.02,0.00,0.02,-0.01,0.03,0.02,0.00,-0.01
 "56000","Wyoming",7,SAGDP11,62,"5415","      Computer systems design and related services ","Percentage points",0.01,0.01,0.04,0.01,0.02,0.05,0.02,0.02,0.02,0.02,0.01,0.00,0.00,0.02,0.02,0.04,0.01,0.01,0.03,0.07,0.08,0.05,0.03,0.14,0.13,0.07,0.07
 "56000","Wyoming",7,SAGDP11,63,"5412-5414,5416-5419","      Miscellaneous professional, scientific, and technical services ","Percentage points",-0.05,0.10,0.03,0.22,0.28,-0.17,-0.10,0.10,0.16,0.16,0.22,-0.16,0.09,0.04,0.10,-0.02,0.16,-0.10,-0.23,0.06,0.16,0.20,-0.22,0.33,0.33,0.34,0.19
 "56000","Wyoming",7,SAGDP11,64,"55","    Management of companies and enterprises ","Percentage points",0.04,0.08,-0.21,-0.01,0.10,0.02,-0.01,0.00,0.04,-0.04,0.00,-0.03,0.06,0.00,0.06,0.03,-0.05,0.01,-0.05,-0.01,0.02,0.00,0.05,0.48,-0.10,0.03,-0.05
 "56000","Wyoming",7,SAGDP11,65,"56","    Administrative and support and waste management and remediation services ","Percentage points",0.00,0.14,0.06,0.20,-0.06,0.07,-0.12,-0.03,0.13,0.28,0.05,0.19,-0.09,0.08,0.03,0.07,0.01,0.00,-0.09,0.09,0.08,-0.05,-0.09,0.18,0.18,0.17,0.27
 "56000","Wyoming",7,SAGDP11,66,"561","      Administrative and support services ","Percentage points",-0.01,0.10,0.07,0.19,-0.07,0.07,-0.12,-0.06,0.07,0.25,-0.04,0.17,-0.09,0.14,0.05,0.08,-0.01,0.01,-0.02,0.09,0.10,-0.04,-0.07,0.18,0.15,0.21,0.28
 "56000","Wyoming",7,SAGDP11,67,"562","      Waste management and remediation services ","Percentage points",0.00,0.04,-0.01,0.01,0.00,0.00,0.00,0.03,0.06,0.03,0.09,0.02,0.00,-0.06,-0.02,-0.01,0.02,-0.01,-0.07,0.01,-0.02,-0.01,-0.02,0.00,0.02,-0.04,0.00
 "56000","Wyoming",7,SAGDP11,68,"61,62","  Educational services, health care, and social assistance ","Percentage points",0.05,0.26,0.27,0.12,0.28,0.21,0.24,0.12,0.22,0.14,0.34,0.07,0.10,0.06,0.07,0.02,-0.01,0.06,-0.02,0.00,0.07,0.08,-0.19,0.14,0.24,0.10,0.13
 "56000","Wyoming",7,SAGDP11,69,"61","    Educational services ","Percentage points",-0.02,0.01,0.02,0.02,0.04,-0.02,0.02,-0.01,0.01,0.00,0.01,0.02,0.01,0.01,-0.01,0.01,-0.01,-0.02,0.01,0.01,0.00,0.02,-0.03,0.04,0.04,0.01,0.01
 "56000","Wyoming",7,SAGDP11,70,"62","    Health care and social assistance ","Percentage points",0.07,0.25,0.25,0.10,0.24,0.23,0.22,0.13,0.20,0.13,0.33,0.05,0.09,0.05,0.08,0.01,0.01,0.08,-0.02,-0.01,0.08,0.06,-0.16,0.10,0.20,0.09,0.11
 "56000","Wyoming",7,SAGDP11,71,"621","      Ambulatory health care services ","Percentage points",0.05,0.15,0.14,0.14,0.15,0.15,0.15,0.06,0.16,0.04,0.19,0.02,0.11,0.08,0.06,-0.03,0.03,0.10,0.03,0.01,-0.04,0.06,-0.13,0.15,0.15,0.14,0.09
 "56000","Wyoming",7,SAGDP11,72,"622","      Hospitals ","Percentage points",0.03,0.06,0.08,-0.01,0.03,-0.03,0.05,0.03,0.00,0.04,0.07,0.03,0.00,0.00,0.00,0.03,-0.01,0.00,-0.07,0.01,0.14,0.00,0.01,0.00,-0.01,0.01,0.01
 "56000","Wyoming",7,SAGDP11,73,"623","      Nursing and residential care facilities ","Percentage points",-0.02,0.01,0.01,0.01,0.04,0.02,0.00,0.00,0.04,0.00,0.02,0.00,0.00,0.00,0.01,0.01,0.00,-0.02,0.01,-0.02,-0.02,-0.01,0.00,-0.04,0.02,-0.02,-0.01
 "56000","Wyoming",7,SAGDP11,74,"624","      Social assistance ","Percentage points",0.01,0.03,0.02,-0.05,0.03,0.09,0.02,0.03,0.01,0.05,0.05,0.00,-0.02,-0.02,0.00,0.01,0.00,0.00,0.01,-0.02,0.00,0.01,-0.04,-0.01,0.04,-0.04,0.01
 "56000","Wyoming",7,SAGDP11,75,"71,72","  Arts, entertainment, recreation, accommodation, and food services ","Percentage points",0.01,0.34,0.30,-0.37,0.27,0.18,0.28,0.04,0.64,-0.07,0.03,-0.21,0.00,0.17,0.14,0.01,0.06,0.14,-0.17,0.09,-0.17,0.03,-0.46,0.89,0.23,0.06,-0.06
 "56000","Wyoming",7,SAGDP11,76,"71","    Arts, entertainment, and recreation ","Percentage points",-0.01,0.10,0.10,-0.17,-0.12,0.03,0.00,-0.01,0.04,0.04,0.02,0.00,0.04,0.04,0.05,-0.04,0.05,-0.07,-0.02,0.04,0.03,0.00,-0.10,0.18,0.07,0.03,0.03
 "56000","Wyoming",7,SAGDP11,77,"711-712","      Performing arts, spectator sports, museums, and related activities ","Percentage points",0.02,0.01,0.02,-0.02,0.04,0.04,-0.03,-0.01,0.01,-0.01,0.00,0.02,0.04,0.02,-0.01,-0.04,0.04,-0.06,-0.02,0.00,0.02,-0.02,-0.02,0.02,0.05,0.01,-0.01
 "56000","Wyoming",7,SAGDP11,78,"713","      Amusement, gambling, and recreation industries ","Percentage points",-0.03,0.09,0.08,-0.14,-0.16,-0.01,0.04,0.00,0.03,0.04,0.02,-0.02,0.00,0.02,0.05,0.00,0.01,-0.01,0.00,0.04,0.01,0.01,-0.08,0.15,0.03,0.02,0.05
 "56000","Wyoming",7,SAGDP11,79,"72","    Accommodation and food services ","Percentage points",0.02,0.24,0.20,-0.20,0.39,0.15,0.28,0.05,0.59,-0.11,0.01,-0.22,-0.04,0.13,0.09,0.05,0.01,0.21,-0.15,0.04,-0.20,0.03,-0.37,0.72,0.16,0.03,-0.10
 "56000","Wyoming",7,SAGDP11,80,"721","      Accommodation ","Percentage points",-0.01,0.12,0.11,-0.13,0.33,0.11,0.29,0.01,0.42,-0.18,0.00,-0.13,-0.01,0.08,0.04,0.06,-0.02,0.22,-0.06,0.07,-0.18,-0.03,-0.16,0.51,0.13,0.03,-0.03
 "56000","Wyoming",7,SAGDP11,81,"722","      Food services and drinking places ","Percentage points",0.03,0.11,0.10,-0.07,0.06,0.04,-0.01,0.04,0.17,0.07,0.01,-0.08,-0.03,0.05,0.05,-0.02,0.03,-0.01,-0.09,-0.02,-0.01,0.06,-0.20,0.21,0.03,-0.01,-0.06
 "56000","Wyoming",7,SAGDP11,82,"81","  Other services (except government and government enterprises) ","Percentage points",0.07,0.07,0.11,-0.45,0.15,-0.17,-0.07,0.04,0.25,0.11,-0.06,-0.10,-0.02,-0.01,0.04,-0.05,-0.06,-0.02,-0.13,0.01,0.08,0.02,-0.19,0.05,0.08,-0.09,-0.01
 "56000","Wyoming",7,SAGDP11,83,"92","Government and government enterprises ","Percentage points",0.19,0.28,0.31,0.56,0.60,0.62,0.17,0.16,0.31,0.83,0.58,0.09,0.06,-0.04,0.29,0.40,0.00,-0.24,-0.16,0.11,-0.23,-0.41,-0.44,0.00,0.37,-0.12,0.55
 "56000","Wyoming",7,SAGDP11,84,"...","  Federal civilian ","Percentage points",0.06,0.02,0.14,0.03,-0.03,0.04,0.10,-0.07,0.00,0.02,0.02,0.04,-0.03,-0.02,0.00,-0.05,0.00,0.07,0.09,0.06,0.04,-0.01,0.14,0.01,0.00,0.09,0.15
 "56000","Wyoming",7,SAGDP11,85,"...","  Military ","Percentage points",0.03,0.01,0.01,0.04,0.13,0.11,0.04,0.03,-0.05,-0.01,0.02,0.05,0.01,-0.02,-0.01,-0.02,-0.05,-0.04,0.07,0.02,-0.02,0.05,0.06,0.02,-0.04,0.00,0.04
 "56000","Wyoming",7,SAGDP11,86,"...","  State and local ","Percentage points",0.11,0.26,0.16,0.50,0.51,0.47,0.03,0.19,0.37,0.82,0.54,0.00,0.08,0.00,0.30,0.46,0.04,-0.27,-0.32,0.03,-0.25,-0.44,-0.64,-0.03,0.41,-0.21,0.35
 "56000","Wyoming",7,SAGDP11,87,"11,21","Natural resources and mining ","Percentage points",-0.33,0.76,-0.06,3.66,0.36,0.84,1.13,2.66,7.70,0.89,0.80,2.77,-4.55,-1.23,-5.80,0.67,1.02,0.41,-2.32,0.42,-0.56,0.68,-0.98,-2.19,-0.14,3.85,-3.58
 "56000","Wyoming",7,SAGDP11,88,"42,44-45","Trade ","Percentage points",1.01,0.63,0.71,0.23,0.75,0.33,-0.11,0.68,0.81,0.58,0.45,-0.74,-0.08,0.18,0.48,0.24,0.32,-0.04,-0.48,-0.29,-0.01,0.20,-0.54,-0.36,-0.06,0.59,0.65
 "56000","Wyoming",7,SAGDP11,89,"22,48-49","Transportation and utilities ","Percentage points",0.59,0.47,0.29,-0.74,0.00,0.54,0.61,0.39,0.92,0.39,0.48,-0.56,0.55,-0.06,0.70,0.45,0.46,0.77,-0.06,-0.29,0.40,-1.18,-0.72,0.49,-0.50,0.21,0.19
 "56000","Wyoming",7,SAGDP11,90,"31-33,51","Manufacturing and information ","Percentage points",0.37,0.01,0.36,1.87,-1.62,0.90,0.69,0.02,1.03,2.75,1.90,-3.76,0.09,-0.07,0.75,-1.14,-0.48,1.64,-0.85,0.67,0.81,1.55,-1.41,1.56,-0.07,0.16,0.91
 "56000","Wyoming",7,SAGDP11,91,"...","Private goods-producing industries 2/","Percentage points",0.04,0.96,0.70,5.66,-1.53,1.39,1.21,2.69,9.16,4.17,3.10,-1.85,-4.55,-1.63,-4.59,-0.51,0.80,1.46,-3.88,0.46,0.29,2.82,-2.72,-1.03,-0.79,4.07,-2.13
 "56000","Wyoming",7,SAGDP11,92,"...","Private services-providing industries 3/","Percentage points",2.02,3.04,1.87,0.26,2.92,1.12,1.88,2.62,3.44,2.78,1.72,-0.74,0.89,1.15,2.12,0.96,1.49,0.76,-1.48,-1.19,0.88,-0.83,-2.32,3.01,1.79,1.75,1.43
"Note: See the included footnote file."
"SAGDP11: Contributions to percent change in real GDP 1."
"Last updated: September 26, 2025-- revised statistics for 2020-2024."
"U.S. Bureau of Economic Analysis"
